Retention.Time,y12,y9,y8
72.10767365,14.41659164,169.1489105,58.80546951
72.11100769,11.76728535,161.0002289,52.67157364
72.11434174,9.11797905,152.8515472,46.53768158
72.11767578,6.468672752,144.7028656,40.40378952
72.12100983,3.819366217,136.554184,34.26989365
72.12434387,1.1700598,128.4055023,28.13600159
72.12767792,0,123.5909119,26.4037323
72.13101196,0,119.4122543,25.51101112
72.13434601,0,115.2335892,24.61828804
72.13767242,0,111.0644836,23.72760963
72.14100647,0,106.8858185,22.83488846
72.14434052,0,102.7071609,21.94216537
72.14767456,0,98.52849579,21.0494442
72.15100861,0,94.34983063,20.15672112
72.15434265,0,90.17116547,19.26399994
72.1576767,0,85.99250031,18.37127876
72.16101074,0,81.81383514,17.47855568
72.16434479,0,77.63517761,16.5858345
72.16767883,0,73.45651245,15.69311237
72.17100525,0,69.28740692,14.80243301
72.17433929,0,65.10874939,13.90971088
72.17767334,0,60.93008041,13.01698875
72.18100739,0,56.75141907,12.12426758
72.18434143,0,52.57275391,11.23154545
72.18767548,0,48.39408875,10.33882332
72.19100952,0,44.2154274,9.446101189
72.19434357,0,40.03676224,8.553379059
72.19767761,0,35.85810089,7.660657406
72.20101166,0,31.67943573,6.767935276
72.2043457,0,27.50077057,5.875213623
72.20767212,0,23.33166885,4.984534264
72.21100616,0,19.1530056,4.091812611
72.21434021,0,14.97434235,3.199090481
72.21767426,0,10.79567814,2.306368589
72.2210083,0,6.617014408,1.413646698
72.22434235,0,2.438350677,0.520924687
72.22767639,0.080008201,23.47348022,12.88921738
72.23101044,0.727481961,79.83562469,43.83750153
72.23434448,1.374955773,136.1977692,74.78578949
72.23767853,2.022429466,192.5599213,105.7340698
72.24101257,2.669903278,248.9220734,136.6823578
72.24433899,3.315895319,305.1552429,167.5598145
72.24767303,3.963369131,361.517395,198.5081024
72.25100708,4.610842705,417.8795471,229.4563904
72.25434113,5.258316517,474.2416992,260.4046631
72.25767517,5.905790329,530.6038208,291.3529663
72.26100922,6.553264141,586.9660034,322.301239
72.26434326,7.200737953,643.328125,353.2495422
72.26767731,7.848211765,699.6902466,384.1978149
72.27101135,8.495685577,756.0524292,415.1460876
72.2743454,9.143158913,812.4145508,446.0943909
72.27767944,9.790633202,868.7767334,477.0426636
72.28100586,10.43662548,925.0098877,507.9201355
72.2843399,11.08409882,981.3720093,538.8684082
72.28767395,11.7315731,1037.734131,569.8167114
72.291008,12.37904644,1094.096313,600.7650146
72.29434204,13.02652073,1150.458496,631.7132568
72.29767609,13.67399406,1206.820679,662.6615601
72.30101013,14.3214674,1263.182739,693.6098633
72.30434418,14.96894169,1319.544922,724.5581055
72.30767822,15.61641502,1375.907104,755.5064087
72.31101227,16.26388931,1432.269165,786.4547119
72.31433868,16.90988159,1488.502441,817.3321533
72.31767273,17.55735588,1544.864502,848.2804565
72.32100677,18.20482826,1601.226685,879.2286987
72.32434082,18.85230255,1657.588867,910.177002
72.32767487,20.13443565,1894.45166,1113.047974
72.33100891,27.38539696,2417.552002,1588.553711
72.33434296,34.63635635,2940.652588,2064.059326
72.337677,41.88731766,3463.75293,2539.565186
72.34101105,49.13827896,3986.853516,3015.070801
72.34434509,56.38924026,4509.954102,3490.57666
72.34767914,63.64019775,5033.054688,3966.082275
72.35100555,70.87456512,5554.958008,4440.5
72.3543396,78.12552643,6078.058594,4916.005859
72.35767365,85.37648773,6601.158691,5391.511719
72.36100769,92.62744904,7124.259277,5867.01709
72.36434174,99.87841034,7647.359863,6342.522949
72.36767578,107.1293716,8170.460449,6818.028809
72.37100983,114.3803329,8693.560547,7293.534668
72.37434387,121.6312866,9216.661133,7769.040039
72.37767792,128.8822479,9739.761719,8244.545898
72.38101196,136.1332092,10262.8623,8720.051758
72.38434601,143.3841705,10785.96289,9195.557617
72.38767242,150.6185455,11307.86621,9669.974609
72.39100647,157.8695068,11830.9668,10145.48047
72.39434052,165.1204529,12354.06738,10620.98633
72.39767456,172.3714142,12877.16797,11096.49219
72.40100861,179.6223755,13400.26758,11571.99805
72.40434265,186.8733368,13923.36816,12047.50391
72.4076767,194.1242981,14446.46875,12523.00977
72.41101074,201.3752594,14969.56934,12998.51563
72.41434479,208.6262207,15492.66992,13474.02051
72.41767883,215.877182,16015.77051,13949.52637
72.42100525,223.111557,16537.67383,14423.94434
72.42433929,230.3625183,17060.77344,14899.4502
72.42767334,238.6342926,17886.91797,15678.47754
72.43100739,261.8173828,19258.92969,17004.23242
72.43434143,285.0004883,20630.94336,18329.98828
72.43767548,308.1835938,22002.95508,19655.74414
72.44100952,331.3666687,23374.9668,20981.49805
72.44434357,354.5497742,24746.97852,22307.25391
72.44767761,377.7328491,26118.99023,23633.00977
72.45101166,400.9159546,27491.00195,24958.76563
72.4543457,424.0990601,28863.01367,26284.51953
72.45767212,447.2290955,30231.88672,27607.24219
72.46100616,470.4122009,31603.89844,28932.99805
72.46434021,493.5952759,32975.91016,30258.75195
72.46767426,516.7783813,34347.92188,31584.50781
72.4710083,539.9614868,35719.93359,32910.26172
72.47434235,563.1445923,37091.94531,34236.01953
72.47767639,586.3276367,38463.95703,35561.77344
72.48101044,609.5107422,39835.96875,36887.53125
72.48434448,632.6938477,41207.98047,38213.28516
72.48767853,655.8769531,42579.99609,39539.03906
72.49101257,679.0600586,43952.00781,40864.79688
72.49433899,702.1900635,45320.87891,42187.51563
72.49767303,725.3731689,46692.89063,43513.27344
72.50100708,748.5562744,48064.90234,44839.02734
72.50434113,771.7393799,49436.91406,46164.78125
72.50767517,794.9224854,50808.92578,47490.53906
72.51100922,818.1055908,52180.9375,48816.29297
72.51434326,841.2886353,53552.94922,50142.05078
72.51767731,864.4717407,54924.96094,51467.80469
72.52101135,887.6548462,56296.97266,52793.55859
72.5243454,910.8379517,57668.98438,54119.31641
72.52767944,922.0485229,57880.80859,54249.00781
72.53100586,891.9130859,57050.37109,53304.41016
72.5343399,861.7085571,56218.02734,52357.64844
72.53767395,831.5039673,55385.67969,51410.88672
72.541008,801.2994385,54553.33594,50464.12109
72.54434204,771.0948486,53720.99219,49517.35938
72.54767609,740.8903198,52888.64453,48570.59766
72.55101013,710.685791,52056.30078,47623.83203
72.55434418,680.4812012,51223.95703,46677.07031
72.55767822,650.2766724,50391.61328,45730.30859
72.56101227,620.0720825,49559.26563,44783.54297
72.56433868,589.9366455,48728.82813,43838.94922
72.56767273,559.7321167,47896.48047,42892.18359
72.57100677,529.5275879,47064.13672,41945.42188
72.57434082,499.3230286,46231.79297,40998.65625
72.57767487,469.1184692,45399.44922,40051.89453
72.58100891,438.9139099,44567.10156,39105.13281
72.58434296,408.7093506,43734.75781,38158.36719
72.587677,378.5047913,42902.41406,37211.60547
72.59101105,348.3002625,42070.06641,36264.84375
72.59434509,318.0957031,41237.72266,35318.07813
72.59767914,287.8911438,40405.37891,34371.31641
72.60100555,257.7557068,39574.9375,33426.71875
72.6043396,227.5511627,38742.59375,32479.95703
72.60767365,197.3466034,37910.25,31533.19336
72.61100769,167.1420593,37077.90234,30586.43164
72.61434174,136.9375,36245.55859,29639.66797
72.61767578,106.7329483,35413.21484,28692.9043
72.62100983,76.52839661,34580.87109,27746.14063
72.62434387,46.32384109,33748.52344,26799.37891
72.62767792,23.46267128,32865.89063,25968.40625
72.63101196,30.14384079,31933.19727,25252.69531
72.63434601,36.82500839,31000.50195,24536.98438
72.63767242,43.4908905,30069.94141,23822.91211
72.64100647,50.17206192,29137.24805,23107.20313
72.64434052,56.85322952,28204.55469,22391.49219
72.64767456,63.53440094,27271.85938,21675.78125
72.65100861,70.21556854,26339.16602,20960.07031
72.65434265,76.89673615,25406.4707,20244.36133
72.6576767,83.57790375,24473.77734,19528.65039
72.66101074,90.25907898,23541.08398,18812.93945
72.66434479,96.94024658,22608.38867,18097.23047
72.66767883,103.6214142,21675.69531,17381.51953
72.67100525,110.2872925,20745.13477,16667.44727
72.67433929,116.9684677,19812.44141,15951.73633
72.67767334,123.6496353,18879.74609,15236.02637
72.68100739,130.3308105,17947.05273,14520.31543
72.68434143,137.0119781,17014.35938,13804.60547
72.68767548,143.6931458,16081.66406,13088.89551
72.69100952,150.3743134,15148.9707,12373.18457
72.69434357,157.055481,14216.27637,11657.47461
72.69767761,163.7366486,13283.58203,10941.76367
72.70101166,170.4178162,12350.8877,10226.05371
72.7043457,177.0989838,11418.19336,9510.342773
72.70767212,183.7648773,10487.63379,8796.270508
72.71100616,190.4460449,9554.939453,8080.560547
72.71434021,197.1272125,8622.246094,7364.850098
72.71767426,203.8083801,7689.551758,6649.139648
72.7210083,210.4895477,6756.857422,5933.429199
72.72434235,217.1707153,5824.163086,5217.71875
72.72767639,223.8620911,5208.495117,4735.987305
72.73101044,230.642334,5072.009277,4607.913574
72.73434448,237.4225769,4935.523926,4479.840332
72.73767853,244.2028198,4799.038574,4351.766602
72.74101257,250.9830627,4662.552734,4223.692871
72.74433899,257.7478027,4526.379883,4095.912109
72.74767303,264.5280457,4389.894043,3967.838623
72.75100708,271.3082886,4253.408691,3839.764893
72.75434113,278.0885315,4116.92334,3711.691162
72.75767517,284.8687744,3980.437744,3583.617676
72.76100922,291.6490173,3843.952148,3455.543945
72.76434326,298.4292603,3707.466797,3327.470215
72.76767731,305.2095032,3570.981201,3199.396729
72.77101135,311.9897461,3434.495605,3071.322998
72.7743454,318.769989,3298.010254,2943.249268
72.77767944,325.5502625,3161.524658,2815.175781
72.78100586,332.3149719,3025.351563,2687.39502
72.7843399,339.0952148,2888.865967,2559.321533
72.78767395,345.8754578,2752.380371,2431.247803
72.791008,352.6557007,2615.89502,2303.174072
72.79434204,359.4359436,2479.409424,2175.100586
72.79767609,366.216217,2342.924072,2047.026855
72.80101013,372.99646,2206.438477,1918.953125
72.80434418,379.7767029,2069.952881,1790.879517
72.80767822,386.5569458,1933.467407,1662.805908
72.81101227,393.3371887,1796.981934,1534.732178
72.81433868,400.1018982,1660.808716,1406.95166
72.81767273,406.8821716,1524.323242,1278.87793
72.82100677,413.6624146,1387.837769,1150.804321
72.82434082,420.4426575,1251.352173,1022.730652
72.82767487,427.2229004,1321.213379,1154.707153
72.83100891,421.1387329,1501.644531,1394.054321
72.83434296,412.6425171,1473.124023,1364.072876
72.837677,404.1463013,1444.603516,1334.091431
72.84101105,395.6500854,1416.083008,1304.109863
72.84434509,387.1538696,1387.5625,1274.128418
72.84767914,378.6576538,1359.041992,1244.146973
72.85100555,370.1808777,1330.58667,1214.234131
72.8543396,361.6846619,1302.066162,1184.252563
72.85767365,353.188446,1273.545654,1154.271118
72.86100769,344.6922302,1245.025146,1124.289673
72.86434174,336.1960144,1216.504517,1094.308228
72.86767578,327.6997986,1187.984009,1064.32666
72.87100983,319.2035828,1159.463501,1034.345215
72.87434387,310.7073669,1130.942993,1004.36377
72.87767792,302.2111511,1102.422485,974.3823242
72.88101196,293.7149353,1073.901978,944.4008179
72.88434601,285.2187195,1045.381348,914.4193726
72.88767242,276.7419434,1016.926147,884.5064697
72.89100647,268.2457275,988.4055786,854.5250244
72.89434052,259.7495117,959.8850708,824.5435181
72.89767456,251.2532959,931.364563,794.5620728
72.90100861,242.7570801,902.8439941,764.5805664
72.90434265,234.2608643,874.3234863,734.5991211
72.9076767,225.7646332,845.8029785,704.6176147
72.91101074,217.2684174,817.2824097,674.6361694
72.91434479,208.7722015,788.7619019,644.6546631
72.91767883,200.2759857,760.241394,614.6732178
72.92100525,191.7992096,731.7861328,584.760376
72.92433929,183.3029938,703.265564,554.7788696
72.92767334,174.806778,550.4875488,288.3064575
72.93100739,171.389267,468.434082,135.94487
72.93434143,168.6427917,466.8005981,133.9333344
72.93767548,165.8963013,465.1670837,131.921814
72.94100952,163.1498108,463.5335693,129.9102936
72.94434357,160.4033203,461.9000854,127.8987656
72.94767761,157.6568451,460.266571,125.8872452
72.95101166,154.9103546,458.6330872,123.8757172
72.9543457,152.1638641,456.9995728,121.8641968
72.95767212,149.4236603,455.369812,119.8572769
72.96100616,146.6771698,453.7362976,117.8457489
72.96434021,143.9306946,452.1028137,115.8342285
72.96767426,141.1842041,450.4692993,113.8227005
72.9710083,138.4377136,448.8358154,111.8111801
72.97434235,135.6912231,447.202301,109.7996521
72.97767639,132.9447479,445.5687866,107.7881317
72.98101044,130.1982574,443.9353027,105.7766037
72.98434448,127.451767,442.3017883,103.7650833
72.98767853,124.7052841,440.6683044,101.7535553
72.99101257,121.9587936,439.03479,99.74203491
72.99433899,119.2185974,437.4050293,97.73511505
72.99767303,116.4721069,435.7715149,95.72358704
73.00100708,113.7256241,434.138031,93.71206665
73.00434113,110.9791336,432.5045166,91.70053864
73.00767517,108.2326508,430.8710327,89.68901825
73.01100922,105.4861603,429.2375183,87.67749023
73.01434326,102.7396774,427.6040039,85.66596985
73.01767731,99.99318695,425.97052,83.65444183
73.02101135,97.2467041,424.3370056,81.64292145
73.0243454,94.50021362,422.7035217,79.63139343
73.02767944,91.75373077,421.0700073,77.61987305
73.03100586,108.3867569,417.3208313,92.63407135
73.0343399,137.1127625,413.3890686,109.079689
73.03767395,165.8387756,409.4573364,125.5253143
73.041008,194.5647888,405.5256042,141.970932
73.04434204,223.2907867,401.5938721,158.4165497
73.04767609,252.0167999,397.6621399,174.8621674
73.05101013,280.7427979,393.7304077,191.3078003
73.05434418,309.468811,389.798645,207.753418
73.05767822,338.1948242,385.8669128,224.1990356
73.06101227,366.9208374,381.9351807,240.6446533
73.06433868,395.5811157,378.0124512,257.0526428
73.06767273,424.3071289,374.080719,273.4982605
73.07100677,453.0331421,370.1489563,289.9438782
73.07434082,481.7591553,366.2172241,306.3894958
73.07767487,510.4851685,362.2854919,322.8351135
73.08100891,539.2111816,358.3537598,339.2807617
73.08434296,567.9371948,354.4220276,355.7263794
73.087677,596.663208,350.4902954,372.1719971
73.09101105,625.3892212,346.5585327,388.6176147
73.09434509,654.1151733,342.6268005,405.0632324
73.09767914,682.8411865,338.6950684,421.5088501
73.10100555,711.5014648,334.7723389,437.9168396
73.1043396,740.227478,330.8406067,454.3624573
73.10767365,768.9534912,326.908844,470.808075
73.11100769,797.6795044,322.9771118,487.2536926
73.11434174,826.4055176,319.0453796,503.6993103
73.11767578,855.1315308,315.1136475,520.1449585
73.12100983,883.8575439,311.1819153,536.5905762
73.12434387,912.5835571,307.2501831,553.0361938
73.12767792,941.3095703,303.3184509,569.4818115
73.13101196,964.0957031,362.9144897,599.3001709
73.13434601,982.4802246,431.0909424,630.9247437
73.13767242,1000.822693,499.1113586,662.4769287
73.14100647,1019.207214,567.2878418,694.1014404
73.14434052,1037.591675,635.4642334,725.7260132
73.14767456,1055.976196,703.640686,757.3505859
73.15100861,1074.360718,771.8171387,788.9750977
73.15434265,1092.745239,839.9935913,820.5996704
73.1576767,1111.129761,908.1700439,852.2242432
73.16101074,1129.514282,976.3464966,883.8488159
73.16434479,1147.898804,1044.522949,915.4733276
73.16767883,1166.283325,1112.699341,947.0979004
73.17100525,1184.625732,1180.719727,978.6500854
73.17433929,1203.010254,1248.89624,1010.274658
73.17767334,1221.394775,1317.072632,1041.89917
73.18100739,1239.779297,1385.249146,1073.523804
73.18434143,1258.163818,1453.425537,1105.148315
73.18767548,1276.54834,1521.602051,1136.772827
73.19100952,1294.932861,1589.778442,1168.397461
73.19434357,1313.317383,1657.954834,1200.021973
73.19767761,1331.701904,1726.131348,1231.646484
73.20101166,1350.086426,1794.307739,1263.271118
73.2043457,1368.470947,1862.484253,1294.89563
73.20767212,1386.813354,1930.504639,1326.447754
73.21100616,1405.197876,1998.68103,1358.072388
73.21434021,1423.582397,2066.857422,1389.696899
73.21767426,1441.966919,2135.033936,1421.321533
73.2210083,1460.35144,2203.210449,1452.946045
73.22434235,1478.735962,2271.386963,1484.570557
73.22767639,1497.120483,2339.563232,1516.19519
73.23101044,1655.397705,2801.844238,1916.171021
73.23434448,2353.038818,3642.32373,2669.63208
73.23767853,3050.679932,4482.803711,3423.093018
73.24101257,3748.321045,5323.283203,4176.553711
73.24433899,4444.365723,6161.839355,4928.290527
73.24767303,5142.006836,7002.319336,5681.751465
73.25100708,5839.647949,7842.798828,6435.212402
73.25434113,6537.289063,8683.27832,7188.67334
73.25767517,7234.930176,9523.757813,7942.134766
73.26100922,7932.571289,10364.23828,8695.595703
73.26434326,8630.211914,11204.71777,9449.056641
73.26767731,9327.853516,12045.19727,10202.51758
73.27101135,10025.49414,12885.67676,10955.97852
73.2743454,10723.13574,13726.15625,11709.43945
73.27767944,11420.77637,14566.63672,12462.90039
73.28100586,12116.82129,15405.19238,13214.63672
73.2843399,12814.46191,16245.67285,13968.09766
73.28767395,13512.10352,17086.15234,14721.55859
73.291008,14209.74414,17926.63086,15475.02051
73.29434204,14907.38574,18767.11133,16228.48145
73.29767609,15605.02637,19607.5918,16981.94141
73.30101013,16302.66797,20448.07031,17735.40234
73.30434418,17000.30859,21288.55078,18488.86328
73.30767822,17697.94922,22129.0293,19242.32422
73.31101227,18395.5918,22969.50977,19995.78516
73.31433868,19091.63672,23808.06641,20747.52344
73.31767273,19789.27734,24648.54688,21500.98438
73.32100677,20486.91797,25489.02539,22254.44531
73.32434082,21184.55859,26329.50586,23007.90625
73.32767487,21882.19922,27169.98438,23761.36719
73.33100891,22913.79297,29052.86914,25199.06445
73.33434296,24404.56641,31339.48047,26901.76758
73.337677,25895.3418,33626.08984,28604.47266
73.34101105,27386.11719,35912.69922,30307.17578
73.34434509,28876.89063,38199.30859,32009.88086
73.34767914,30367.66602,40485.91797,33712.58594
73.35100555,31855.0293,42767.29688,35411.39063
73.3543396,33345.80469,45053.90625,37114.09375
73.35767365,34836.57813,47340.51563,38816.80078
73.36100769,36327.35547,49627.125,40519.50391
73.36434174,37818.12891,51913.73828,42222.20703
73.36767578,39308.90234,54200.34766,43924.91016
73.37100983,40799.67969,56486.95703,45627.61719
73.37434387,42290.45313,58773.56641,47330.32031
73.37767792,43781.22656,61060.17578,49033.02344
73.38101196,45272.00391,63346.78516,50735.72656
73.38434601,46762.77734,65633.39844,52438.42969
73.38767242,48250.14063,67914.77344,54137.23828
73.39100647,49740.91797,70201.38281,55839.94141
73.39434052,51231.69141,72487.99219,57542.64844
73.39767456,52722.46484,74774.60156,59245.35156
73.40100861,54213.24219,77061.21094,60948.05469
73.40434265,55704.01563,79347.82031,62650.75781
73.4076767,57194.78906,81634.4375,64353.46094
73.41101074,58685.56641,83921.04688,66056.16406
73.41434479,60176.33984,86207.65625,67758.86719
73.41767883,61667.11328,88494.26563,69461.57813
73.42100525,63154.47656,90775.64063,71160.38281
73.42433929,64645.25391,93062.25,72863.08594
73.42767334,66136.03125,93381.85938,76975.57813
73.43100739,65480.92188,87762.21094,81935.57813
73.43434143,64253.57813,86229.39844,80174.45313
73.43767548,63026.23438,84696.58594,78413.32813
73.44100952,61798.89453,83163.77344,76652.19531
73.44434357,60571.55078,81630.96094,74891.07031
73.44767761,59344.21094,80098.14844,73129.9375
73.45101166,58116.86719,78565.33594,71368.8125
73.4543457,56889.52344,77032.52344,69607.6875
73.45767212,55664.99219,75503.21875,67850.58594
73.46100616,54437.64844,73970.40625,66089.46094
73.46434021,53210.30859,72437.59375,64328.32813
73.46767426,51982.96484,70904.78125,62567.20313
73.4710083,50755.62109,69371.96875,60806.07422
73.47434235,49528.28125,67839.15625,59044.94531
73.47767639,48300.9375,66306.34375,57283.81641
73.48101044,47073.59375,64773.53125,55522.6875
73.48434448,45846.25391,63240.71875,53761.5625
73.48767853,44618.91016,61707.90625,52000.43359
73.49101257,43391.57031,60175.09375,50239.30469
73.49433899,42167.03516,58645.78906,48482.20703
73.49767303,40939.69141,57112.97656,46721.07813
73.50100708,39712.35156,55580.16406,44959.94922
73.50434113,38485.00781,54047.35156,43198.82422
73.50767517,37257.66406,52514.53906,41437.69531
73.51100922,36030.32422,50981.72656,39676.56641
73.51434326,34802.98047,49448.91406,37915.4375
73.51767731,33575.64063,47916.10156,36154.30859
73.52101135,32348.29688,46383.28906,34393.17969
73.5243454,31120.95508,44850.47656,32632.05273
73.52767944,29972.23438,43467.57813,31332.35352
73.53100586,29083.77148,42217.60547,30435.01172
73.5343399,28193.26953,40964.76563,29535.61133
73.53767395,27302.76953,39711.92188,28636.21289
73.541008,26412.26758,38459.08203,27736.8125
73.54434204,25521.76563,37206.23828,26837.41211
73.54767609,24631.26563,35953.39844,25938.01172
73.55101013,23740.76367,34700.55859,25038.61133
73.55434418,22850.26367,33447.71484,24139.21094
73.55767822,21959.76172,32194.875,23239.8125
73.56101227,21069.25977,30942.0332,22340.41211
73.56433868,20180.79688,29692.05859,21443.07031
73.56767273,19290.29492,28439.21875,20543.66992
73.57100677,18399.79492,27186.37695,19644.26953
73.57434082,17509.29297,25933.53516,18744.86914
73.57767487,16618.79297,24680.69336,17845.46875
73.58100891,15728.29102,23427.85352,16946.07031
73.58434296,14837.79004,22175.01172,16046.66895
73.587677,13947.28906,20922.16992,15147.26953
73.59101105,13056.78711,19669.32813,14247.86914
73.59434509,12166.28613,18416.48828,13348.46875
73.59767914,11275.78516,17163.64648,12449.06934
73.60100555,10387.32129,15913.67188,11551.72754
73.6043396,9496.820313,14660.83008,10652.32715
73.60767365,8606.319336,13407.98926,9752.926758
73.61100769,7715.817871,12155.14746,8853.527344
73.61434174,6825.316895,10902.30664,7954.126953
73.61767578,5934.815918,9649.464844,7054.727051
73.62100983,5044.314453,8396.624023,6155.32666
73.62434387,4153.813477,7143.782715,5255.926758
73.62767792,3434.360596,6489.240723,4779.720215
73.63101196,3356.3396,6403.617188,4705.925781
73.63434601,3278.318604,6317.994141,4632.131348
73.63767242,3200.476074,6232.566895,4558.505371
73.64100647,3122.455078,6146.943848,4484.710938
73.64434052,3044.434082,6061.320313,4410.916504
73.64767456,2966.413086,5975.697266,4337.12207
73.65100861,2888.39209,5890.074219,4263.327148
73.65434265,2810.371094,5804.450684,4189.532715
73.6576767,2732.350098,5718.827637,4115.738281
73.66101074,2654.329102,5633.20459,4041.943604
73.66434479,2576.308105,5547.581055,3968.14917
73.66767883,2498.287109,5461.958008,3894.354492
73.67100525,2420.44458,5376.530762,3820.72876
73.67433929,2342.423584,5290.907715,3746.934326
73.67767334,2264.402588,5205.28418,3673.139648
73.68100739,2186.381592,5119.661133,3599.345215
73.68434143,2108.360596,5034.038086,3525.550537
73.68767548,2030.339478,4948.414551,3451.756104
73.69100952,1952.318481,4862.791504,3377.961426
73.69434357,1874.297485,4777.168457,3304.166992
73.69767761,1796.276489,4691.544922,3230.372314
73.70101166,1718.255493,4605.921875,3156.577881
73.7043457,1640.234497,4520.298828,3082.783203
73.70767212,1562.391968,4434.871582,3009.157471
73.71100616,1484.370972,4349.248047,2935.363037
73.71434021,1406.349976,4263.625,2861.568359
73.71767426,1328.328979,4178.001953,2787.773926
73.7210083,1250.307861,4092.378418,2713.979248
73.72434235,1172.286865,4006.755371,2640.184814
73.72767639,1116.370239,3931.159912,2605.349854
73.73101044,1091.42395,3859.537109,2585.949219
73.73434448,1066.477661,3787.914307,2566.548828
73.73767853,1041.531372,3716.291504,2547.148193
73.74101257,1016.585022,3644.668457,2527.747803
73.74433899,991.6958008,3573.209717,2508.391602
73.74767303,966.7495117,3501.586914,2488.991211
73.75100708,941.8032227,3429.964111,2469.590576
73.75434113,916.8569336,3358.341309,2450.190186
73.75767517,891.9106445,3286.718506,2430.789551
73.76100922,866.9642944,3215.095459,2411.38916
73.76434326,842.0180054,3143.472656,2391.988525
73.76767731,817.0717163,3071.849854,2372.588135
73.77101135,792.1254272,3000.227051,2353.1875
73.7743454,767.1791382,2928.604248,2333.787109
73.77767944,742.2328491,2856.981445,2314.386719
73.78100586,717.3436279,2785.522461,2295.030518
73.7843399,692.3973389,2713.899658,2275.629883
73.78767395,667.4509888,2642.276855,2256.229492
73.791008,642.5046997,2570.654053,2236.828857
73.79434204,617.5584106,2499.03125,2217.428467
73.79767609,592.6121216,2427.408447,2198.028076
73.80101013,567.6658325,2355.785645,2178.627441
73.80434418,542.7194824,2284.162842,2159.227051
73.80767822,517.7731934,2212.540039,2139.826416
73.81101227,492.8269043,2140.917236,2120.426025
73.81433868,467.9377136,2069.458252,2101.069824
73.81767273,442.991394,1997.835449,2081.669434
73.82100677,418.045105,1926.212646,2062.268799
73.82434082,393.0987854,1854.589844,2042.868286
73.82767487,384.0921631,1821.440552,2009.92627
73.83100891,393.2910767,1799.707642,1972.965942
73.83434296,402.4900208,1777.974854,1936.005615
73.837677,411.6889343,1756.241943,1899.045288
73.84101105,420.8878784,1734.509155,1862.084961
73.84434509,430.086792,1712.776245,1825.124634
73.84767914,439.2857361,1691.043457,1788.164307
73.85100555,448.463623,1669.360352,1751.288574
73.8543396,457.6625366,1647.627441,1714.328247
73.85767365,466.8614807,1625.894653,1677.36792
73.86100769,476.0604248,1604.161743,1640.407593
73.86434174,485.2593384,1582.428833,1603.447144
73.86767578,494.4582825,1560.696045,1566.486816
73.87100983,503.657196,1538.963135,1529.526489
73.87434387,512.8561401,1517.230347,1492.566162
73.87767792,522.0550537,1495.497437,1455.605835
73.88101196,531.2540283,1473.764648,1418.645508
73.88434601,540.4529419,1452.031738,1381.685181
73.88767242,549.6307983,1430.348633,1344.809448
73.89100647,558.8297729,1408.615845,1307.849121
73.89434052,568.0286865,1386.882935,1270.888794
73.89767456,577.2276001,1365.150146,1233.928467
73.90100861,586.4265137,1343.417236,1196.96814
73.90434265,595.6254883,1321.684448,1160.007813
73.9076767,604.8244019,1299.951538,1123.047485
73.91101074,614.0233154,1278.21875,1086.087158
73.91434479,623.22229,1256.48584,1049.126831
73.91767883,632.4212036,1234.75293,1012.166504
73.92100525,641.5990601,1213.069824,975.2907715
73.92433929,650.7980347,1191.337036,938.3304443
73.92767334,671.1489258,1188.700806,917.1443481
73.93100739,700.7386475,1189.341064,898.6647949
73.93434143,730.3284302,1189.981445,880.1852417
73.93767548,759.9181519,1190.621826,861.7056885
73.94100952,789.5079346,1191.262207,843.2261353
73.94434357,819.0976563,1191.902588,824.746582
73.94767761,848.687439,1192.542847,806.2670288
73.95101166,878.2772217,1193.183228,787.7874756
73.9543457,907.8669434,1193.823608,769.3079224
73.95767212,937.3889771,1194.462524,750.8706665
73.96100616,966.9787598,1195.102905,732.3911133
73.96434021,996.5684814,1195.743164,713.9115601
73.96767426,1026.158203,1196.383545,695.4320068
73.9710083,1055.748047,1197.023926,676.9525146
73.97434235,1085.337769,1197.664307,658.4729614
73.97767639,1114.92749,1198.304688,639.9934082
73.98101044,1144.517334,1198.944946,621.513855
73.98434448,1174.107056,1199.585327,603.0343018
73.98767853,1203.696777,1200.225708,584.5547485
73.99101257,1233.286499,1200.866089,566.0751953
73.99433899,1262.808594,1201.505005,547.6379395
73.99767303,1292.398315,1202.145264,529.1583862
74.00100708,1321.988159,1202.785645,510.678833
74.00434113,1351.577881,1203.426025,492.1993103
74.00767517,1381.167603,1204.066406,473.7197571
74.01100922,1410.757324,1204.706665,455.2402039
74.01434326,1440.347168,1205.347046,436.7606506
74.01767731,1469.93689,1205.987427,418.2810974
74.02101135,1499.526611,1206.627808,399.8015442
74.0243454,1529.116455,1207.268188,381.3220215
74.02767944,1524.101929,1186.237793,379.2713623
74.03100586,1487.739746,1160.848022,380.5668945
74.0343399,1451.294312,1135.400024,381.865387
74.03767395,1414.848755,1109.951904,383.1638794
74.041008,1378.40332,1084.503906,384.4623718
74.04434204,1341.957886,1059.055908,385.7608948
74.04767609,1305.512329,1033.60791,387.0593872
74.05101013,1269.066895,1008.159851,388.3578796
74.05434418,1232.621338,982.711792,389.6563721
74.05767822,1196.175903,957.2637329,390.9548645
74.06101227,1159.730347,931.8157349,392.2533875
74.06433868,1123.368286,906.4259033,393.5488892
74.06767273,1086.922852,880.9779053,394.8474121
74.07100677,1050.477295,855.5298462,396.1459045
74.07434082,1014.03186,830.0818481,397.444397
74.07767487,977.5863647,804.6337891,398.7428894
74.08100891,941.1408691,779.18573,400.0413818
74.08434296,904.6953735,753.7377319,401.3399048
74.087677,868.2498779,728.2896729,402.6383972
74.09101105,831.8043823,702.8416748,403.9368896
74.09434509,795.3588867,677.3936157,405.2353821
74.09767914,758.9133911,651.9456177,406.5338745
74.10100555,722.5513306,626.5557861,407.8294067
74.1043396,686.105835,601.1077881,409.1278992
74.10767365,649.6603394,575.659729,410.4264221
74.11100769,613.2148438,550.2116699,411.7249146
74.11434174,576.7693481,524.7636719,413.023407
74.11767578,540.3239136,499.3156128,414.3218994
74.12100983,503.8783875,473.8675842,415.6203918
74.12434387,467.4329224,448.4195557,416.9189148
74.12767792,450.0687561,435.9648438,419.0760193
74.13101196,449.7208557,426.0732117,421.4025269
74.13434601,449.3729858,416.1815491,423.7290344
74.13767242,449.0258789,406.3125305,426.0502014
74.14100647,448.6779785,396.4208984,428.3766785
74.14434052,448.3301086,386.5292358,430.703186
74.14767456,447.9822083,376.6376038,433.0296936
74.15100861,447.6343079,366.7459412,435.3561707
74.15434265,447.286438,356.8543091,437.6826782
74.1576767,446.9385376,346.962677,440.0091858
74.16101074,446.5906372,337.0710144,442.3356628
74.16434479,446.2427368,327.1793823,444.6621704
74.16767883,445.8948669,317.2877197,446.988678
74.17100525,445.54776,307.4187012,449.309845
74.17433929,445.1998596,297.5270691,451.6363525
74.17767334,444.8519897,287.6354065,453.9628296
74.18100739,444.5040894,277.7437744,456.2893372
74.18434143,444.156189,267.8521423,458.6158447
74.18767548,443.8083191,257.9604797,460.9423218
74.19100952,443.4604187,248.0688324,463.2688293
74.19434357,443.1125183,238.1771851,465.5953369
74.19767761,442.7646179,228.2855377,467.921814
74.20101166,442.416748,218.3939056,470.2483215
74.2043457,442.0688477,208.5022583,472.5748291
74.20767212,441.7217407,198.6332397,474.8959961
74.21100616,441.3738708,188.7415924,477.2225037
74.21434021,441.0259705,178.8499451,479.5489807
74.21767426,440.6780701,168.9582977,481.8754883
74.2210083,440.3302002,159.0666504,484.2019958
74.22434235,439.9822998,149.1750031,486.5284729
74.22767639,433.8529663,161.4204102,475.5800781
74.23101044,424.7325134,174.4526672,464.1598206
74.23434448,415.6120911,187.4849243,452.739563
74.23767853,406.4916382,200.5171967,441.3193359
74.24101257,397.3712158,213.5494537,429.8990784
74.24433899,388.271637,226.5518951,418.5049438
74.24767303,379.1511841,239.5841522,407.0846863
74.25100708,370.0307617,252.6164093,395.6644287
74.25434113,360.9103088,265.6486816,384.2441711
74.25767517,351.7898865,278.6809387,372.8239441
74.26100922,342.6694336,291.7131958,361.4036865
74.26434326,333.5490112,304.7454529,349.983429
74.26767731,324.4285583,317.77771,338.5631714
74.27101135,315.308136,330.809967,327.1429138
74.2743454,306.1876831,343.8422241,315.7226563
74.27767944,297.0672607,356.8744812,304.3023987
74.28100586,287.9676819,369.8769226,292.9082947
74.2843399,278.8472595,382.9091797,281.4880371
74.28767395,269.7268066,395.9414673,270.0677795
74.291008,260.6063843,408.9737244,258.647522
74.29434204,251.4859314,422.0059814,247.2272797
74.29767609,242.3654938,435.0382385,235.8070221
74.30101013,233.2450562,448.0704956,224.3867645
74.30434418,224.1246185,461.1027527,212.966507
74.30767822,215.0041809,474.1350098,201.5462646
74.31101227,205.8837433,487.1672668,190.1260071
74.31433868,196.7841797,500.1697083,178.7318878
74.31767273,187.6637421,513.2019653,167.3116302
74.32100677,178.5433044,526.2342529,155.8913727
74.32434082,169.4228668,539.2664795,144.4711151
74.32767487,177.3946838,532.9060669,143.7823486
74.33100891,195.1422729,525.3188477,143.7724457
74.33434296,212.8898773,517.7316284,143.7625427
74.337677,230.6374664,510.1443787,143.7526398
74.34101105,248.3850555,502.5571594,143.7427368
74.34434509,266.1326599,494.9699402,143.7328339
74.34767914,283.880249,487.3827209,143.7229309
74.35100555,301.5872498,479.8128662,143.7130585
74.3543396,319.3348389,472.225647,143.7031555
74.35767365,337.082428,464.6383972,143.6932526
74.36100769,354.8300171,457.051178,143.6833496
74.36434174,372.5776062,449.4639587,143.6734467
74.36767578,390.3252258,441.8767395,143.663559
74.37100983,408.0728149,434.2895203,143.653656
74.37434387,425.8204041,426.702301,143.6437531
74.37767792,443.5679932,419.1150818,143.6338501
74.38101196,461.3155823,411.527832,143.6239471
74.38434601,479.0632019,403.9406128,143.6140442
74.38767242,496.7701721,396.3707581,143.6041718
74.39100647,514.5177612,388.7835388,143.5942688
74.39434052,532.2653809,381.1963196,143.5843658
74.39767456,550.0129395,373.6091003,143.5744629
74.40100861,567.7605591,366.0218506,143.5645599
74.40434265,585.5081787,358.4346313,143.554657
74.4076767,603.2557373,350.8474121,143.544754
74.41101074,621.0033569,343.2601929,143.5348663
74.41434479,638.7509155,335.6729736,143.5249634
74.41767883,656.4985352,328.0857544,143.5150604
74.42100525,674.2055054,320.5158691,143.5051727
74.42433929,691.953125,312.9286499,143.495285
74.42767334,708.2970581,319.1897278,151.1796875
74.43100739,723.1237183,329.3494568,161.0302277
74.43434143,737.9504395,339.5091553,170.8807678
74.43767548,752.7770996,349.6688538,180.731308
74.44100952,767.6037598,359.8285828,190.5818481
74.44434357,782.4304199,369.9882813,200.4324036
74.44767761,797.2571411,380.1480103,210.2829437
74.45101166,812.0838013,390.3077087,220.1334839
74.4543457,826.9104614,400.4674072,229.984024
74.45767212,841.703186,410.6038818,239.812027
74.46100616,856.5299072,420.7635803,249.6625671
74.46434021,871.3565674,430.9233093,259.5131226
74.46767426,886.1832275,441.0830078,269.3636475
74.4710083,901.0098877,451.2427368,279.2142029
74.47434235,915.8365479,461.4024353,289.0647583
74.47767639,930.663269,471.5621338,298.9152832
74.48101044,945.4899292,481.7218628,308.7658386
74.48434448,960.3165894,491.8815613,318.6163635
74.48767853,975.1432495,502.0412903,328.4669189
74.49101257,989.9699707,512.2009888,338.3174744
74.49433899,1004.762695,522.3374634,348.1454468
74.49767303,1019.589355,532.4971924,357.9960022
74.50100708,1034.416016,542.6568604,367.8465576
74.50434113,1049.242676,552.8165894,377.6970825
74.50767517,1064.069336,562.9763184,387.5476379
74.51100922,1078.896118,573.1359863,397.3981628
74.51434326,1093.722778,583.2957153,407.2487183
74.51767731,1108.549438,593.4554443,417.0992737
74.52101135,1123.376099,603.6151733,426.9497986
74.5243454,1138.202759,613.7748413,436.800354
74.52767944,1139.514282,689.8287354,513.6507568
74.53100586,1132.31958,771.4324341,596.1453247
74.5343399,1125.108521,853.2233887,678.8290405
74.53767395,1117.897339,935.0142822,761.5128174
74.541008,1110.686157,1016.805176,844.1965332
74.54434204,1103.475098,1098.596069,926.8803101
74.54767609,1096.263916,1180.386963,1009.564087
74.55101013,1089.052734,1262.177856,1092.247803
74.55434418,1081.841675,1343.968872,1174.931519
74.55767822,1074.630493,1425.759766,1257.615356
74.56101227,1067.419312,1507.550659,1340.299072
74.56433868,1060.224731,1589.154419,1422.793579
74.56767273,1053.01355,1670.945313,1505.477295
74.57100677,1045.80249,1752.736206,1588.161133
74.57434082,1038.591309,1834.5271,1670.844849
74.57767487,1031.380127,1916.317993,1753.528564
74.58100891,1024.169067,1998.108887,1836.21228
74.58434296,1016.957886,2079.899902,1918.896118
74.587677,1009.746765,2161.690674,2001.579834
74.59101105,1002.535645,2243.481689,2084.263672
74.59434509,995.3244629,2325.272461,2166.947266
74.59767914,988.1133423,2407.063477,2249.631104
74.60100555,980.9187012,2488.667236,2332.125732
74.6043396,973.7075806,2570.458008,2414.809326
74.60767365,966.4963989,2652.249023,2497.493164
74.61100769,959.2852783,2734.040039,2580.176758
74.61434174,952.0741577,2815.830811,2662.860596
74.61767578,944.8629761,2897.621826,2745.544434
74.62100983,937.6518555,2979.412598,2828.228027
74.62434387,930.4407349,3042.40332,2891.846191
74.62767792,932.2362061,2247.984375,2079.322998
74.63101196,937.9721069,2268.343262,2090.179443
74.63434601,943.7080078,2288.702148,2101.036133
74.63767242,949.4307861,2309.014404,2111.86792
74.64100647,955.166626,2329.373291,2122.724365
74.64434052,960.9025269,2349.732178,2133.581055
74.64767456,966.6384277,2370.091064,2144.437744
74.65100861,972.3743286,2390.449707,2155.294189
74.65434265,978.1102295,2410.808594,2166.150879
74.6576767,983.8461304,2431.16748,2177.007324
74.66101074,989.5819702,2451.526367,2187.864014
74.66434479,995.3178711,2471.885254,2198.720703
74.66767883,1001.053772,2492.244141,2209.577148
74.67100525,1006.77655,2512.556396,2220.408936
74.67433929,1012.512451,2532.915283,2231.265625
74.67767334,1018.248291,2553.273926,2242.12207
74.68100739,1023.984192,2573.632813,2252.97876
74.68434143,1029.720093,2593.991699,2263.835205
74.68767548,1035.455933,2614.350586,2274.691895
74.69100952,1041.191895,2634.709473,2285.548584
74.69434357,1046.927734,2655.068359,2296.405029
74.69767761,1052.663696,2675.427002,2307.261719
74.70101166,1058.399536,2695.785889,2318.118164
74.7043457,1064.135376,2716.144775,2328.974854
74.70767212,1069.858154,2736.457031,2339.806641
74.71100616,1075.594116,2756.815918,2350.66333
74.71434021,1081.329956,2777.174805,2361.519775
74.71767426,1087.065918,2797.533691,2372.376465
74.7210083,1092.801758,2817.892578,2383.23291
74.72434235,1098.537598,2838.251221,2394.0896
74.72767639,1080.377075,2764.342285,2350.866943
74.73101044,1050.472046,2688.675537,2306.635986
74.73434448,1020.567139,2613.008545,2262.405029
74.73767853,990.6622314,2537.341797,2218.173828
74.74101257,960.7572632,2461.674805,2173.942871
74.74433899,930.9207764,2386.181152,2129.812988
74.74767303,901.0158081,2310.51416,2085.582031
74.75100708,871.1108398,2234.847412,2041.350952
74.75434113,841.2059326,2159.18042,1997.119873
74.75767517,811.3009644,2083.513672,1952.888794
74.76100922,781.3960571,2007.84668,1908.657715
74.76434326,751.4910889,1932.17981,1864.426758
74.76767731,721.5861206,1856.512939,1820.195679
74.77101135,691.6812134,1780.846069,1775.9646
74.7743454,661.7762451,1705.179199,1731.733643
74.77767944,631.8712769,1629.512329,1687.502563
74.78100586,602.03479,1554.018555,1643.372681
74.7843399,572.1298218,1478.351685,1599.141724
74.78767395,542.2249146,1402.684814,1554.910645
74.791008,512.3199463,1327.017944,1510.679565
74.79434204,482.4150085,1251.351074,1466.448486
74.79767609,452.5100708,1175.684204,1422.217529
74.80101013,422.6051331,1100.017334,1377.98645
74.80434418,392.7001648,1024.350342,1333.755371
74.80767822,362.7952271,948.6835327,1289.524414
74.81101227,332.8902893,873.0166626,1245.293335
74.81433868,303.053772,797.5228882,1201.163452
74.81767273,273.1488342,721.8560181,1156.932373
74.82100677,243.2438812,646.1891479,1112.701416
74.82434082,213.3389282,578.3426514,1165.590576
74.82767487,205.3669739,602.1739502,1726.381714
74.83100891,205.5081329,596.2753906,1684.690674
74.83434296,205.6493073,590.3768311,1642.999634
74.837677,205.7904816,584.4783325,1601.308594
74.84101105,205.9316559,578.5797729,1559.617554
74.84434509,206.0728302,572.6812134,1517.926636
74.84767914,206.2140045,566.7826538,1476.235596
74.85100555,206.3548431,560.897644,1434.639893
74.8543396,206.4960175,554.9990845,1392.948975
74.85767365,206.6371918,549.1005249,1351.257935
74.86100769,206.7783661,543.2020264,1309.566895
74.86434174,206.9195404,537.3034668,1267.875854
74.86767578,207.0606995,531.4049072,1226.184814
74.87100983,207.2018738,525.5064087,1184.493774
74.87434387,207.3430481,519.6078491,1142.802856
74.87767792,207.4842224,513.7092896,1101.111816
74.88101196,207.6253967,507.8107605,1059.420776
74.88434601,207.7665558,501.9122314,1017.729736
74.88767242,207.9074097,496.0271606,976.1340942
74.89100647,208.048584,490.1286316,934.4431152
74.89434052,208.1897583,484.2301025,892.7520752
74.89767456,208.3309326,478.331543,851.0610352
74.90100861,208.4720917,472.4330139,809.3700562
74.90434265,208.613266,466.5344543,767.6790161
74.9076767,208.7544403,460.6359253,725.9879761
74.91101074,208.8956146,454.7373657,684.2969971
74.91434479,209.0367889,448.8388367,642.605957
74.91767883,209.1779633,442.9403076,600.914917
74.92100525,209.3188019,437.0552673,559.3193359
74.92433929,209.4599762,360.6651917,319.5409546
74.92767334,212.5687103,330.9835205,244.2166138
74.93100739,215.9846954,330.417511,254.1472015
74.93434143,219.4006653,329.8514709,264.0777893
74.93767548,222.8166504,329.2854614,274.0083923
74.94100952,226.2326355,328.7194519,283.9389954
74.94434357,229.6486053,328.1534119,293.8695679
74.94767761,233.0645905,327.5874023,303.8001709
74.95101166,236.4805756,327.0213928,313.7307434
74.9543457,239.8965454,326.4553528,323.6613464
74.95767212,243.304718,325.8906555,333.5692139
74.96100616,246.7206879,325.3246155,343.4998169
74.96434021,250.136673,324.758606,353.4303894
74.96767426,253.5526581,324.1925964,363.3609924
74.9710083,256.9686279,323.6265564,373.2915955
74.97434235,260.384613,323.0605469,383.222168
74.97767639,263.8005981,322.4945374,393.152771
74.98101044,267.2165833,321.9284973,403.083374
74.98434448,270.6325684,321.3624878,413.0139465
74.98767853,274.0485229,320.7964783,422.9445496
74.99101257,277.4645081,320.2304688,432.8751221
74.99433899,280.8726807,319.665741,442.7829895
74.99767303,284.2886658,319.0997009,452.7135925
75.00100708,287.7046509,318.5336914,462.6441956
75.00434113,291.1206055,317.9676819,472.5747681
75.00767517,294.5365906,317.4016724,482.5053711
75.01100922,297.9525757,316.8356323,492.4359741
75.01434326,301.3685608,316.2696228,502.3665466
75.01767731,304.7845459,315.7036133,512.2971191
75.02101135,308.200531,315.1375732,522.2277222
75.0243454,311.6164856,245.9622345,176.3499908
75.02767944,306.3834839,218.0995941,52.65135956
75.03100586,300.3168945,215.8170319,62.33892441
75.0343399,294.2363892,213.5292358,72.04870605
75.03767395,288.1558533,211.2414246,81.75849152
75.041008,282.0753479,208.9536285,91.46827698
75.04434204,275.994812,206.6658173,101.1780624
75.04767609,269.9143066,204.3780212,110.8878479
75.05101013,263.8338013,202.09021,120.5976334
75.05434418,257.7532654,199.8024139,130.3074188
75.05767822,251.67276,197.5146027,140.0172119
75.06101227,245.5922394,195.2268066,149.7269897
75.06433868,239.5256348,192.9442444,159.4145508
75.06767273,233.4451141,190.6564331,169.1243439
75.07100677,227.3646088,188.3686371,178.8341217
75.07434082,221.2840881,186.0808258,188.5439148
75.07767487,215.2035675,183.7930298,198.2536926
75.08100891,209.1230469,181.5052185,207.9634857
75.08434296,203.0425262,179.2174225,217.6732635
75.087677,196.9620209,176.9296112,227.3830566
75.09101105,190.8815002,174.6418152,237.0928345
75.09434509,184.8009796,172.3540192,246.8026276
75.09767914,178.720459,170.0662079,256.5124207
75.10100555,172.6538696,167.7836456,266.1999817
75.1043396,166.573349,165.4958344,275.9097595
75.10767365,160.4928284,163.2080383,285.6195374
75.11100769,154.4123077,160.9202271,295.3293457
75.11434174,148.3318024,158.632431,305.0391235
75.11767578,142.2512817,156.344635,314.7489014
75.12100983,136.1707611,154.0568237,324.4586792
75.12434387,130.136322,158.8733368,333.9348145
75.12767792,134.1235504,177.5624847,342.9546509
75.13101196,138.1107788,196.2516174,351.9744873
75.13434601,142.0979919,214.9407501,360.9943237
75.13767242,146.0760956,233.5871277,369.9935303
75.14100647,150.063324,252.2762604,379.0133667
75.14434052,154.0505524,270.9653931,388.0332031
75.14767456,158.0377808,289.654541,397.0530396
75.15100861,162.0250092,308.343689,406.072876
75.15434265,166.0122223,327.0328064,415.0927124
75.1576767,169.9994507,345.7219543,424.1125488
75.16101074,173.9866791,364.4110718,433.1323853
75.16434479,177.9739075,383.1002197,442.1522217
75.16767883,181.9611359,401.7893677,451.1720581
75.17100525,185.9392395,420.43573,460.1712646
75.17433929,189.9264526,439.1248779,469.1911011
75.17767334,193.913681,457.8139954,478.2109375
75.18100739,197.9009094,476.5031433,487.2307739
75.18434143,201.8881378,495.1922913,496.2506104
75.18767548,205.8753662,513.8814087,505.2704468
75.19100952,209.8625946,532.5705566,514.2902832
75.19434357,213.8498077,551.2597046,523.3101196
75.19767761,217.8370361,569.9488525,532.3299561
75.20101166,221.8242645,588.6380005,541.3497925
75.2043457,225.8114929,607.3270874,550.3696289
75.20767212,229.7895966,625.9734497,559.3688354
75.21100616,233.776825,644.6625977,568.3886719
75.21434021,237.7640381,663.3517456,577.4085083
75.21767426,241.7512665,682.0408936,586.4283447
75.2210083,245.7384949,700.7300415,595.4481812
75.22434235,249.2628326,701.1000366,592.3893433
75.22767639,251.1208191,686.293457,579.3239136
75.23101044,252.9787903,671.4869385,566.2584229
75.23434448,254.8367615,656.6804199,553.1929932
75.23767853,256.6947327,641.8738403,540.1275635
75.24101257,258.5527039,627.0673218,527.0620728
75.24433899,260.4064331,612.2946167,514.0265503
75.24767303,262.2644043,597.4880981,500.9610901
75.25100708,264.1223755,582.6815796,487.8956299
75.25434113,265.9803467,567.875,474.8301697
75.25767517,267.8383179,553.0684814,461.76474
75.26100922,269.6962891,538.2619019,448.6992798
75.26434326,271.5542603,523.4553833,435.6338196
75.26767731,273.4122314,508.6488342,422.5683899
75.27101135,275.2702026,493.8422852,409.5029297
75.2743454,277.1281738,479.0357666,396.4374695
75.27767944,278.986145,464.2292175,383.3720398
75.28100586,280.8398743,449.456543,370.3364868
75.2843399,282.6978455,434.6500244,357.2710266
75.28767395,284.5558167,419.8434753,344.2055664
75.291008,286.4137878,405.0369263,331.1401367
75.29434204,288.271759,390.2303772,318.0746765
75.29767609,290.1297302,375.4238281,305.0092163
75.30101013,291.9877014,360.6173096,291.9437866
75.30434418,293.8456726,345.8107605,278.8783264
75.30767822,295.7036438,331.0042114,265.8128662
75.31101227,297.561615,316.1976624,252.7474213
75.31433868,299.4153442,301.4250183,239.7118683
75.31767273,301.2733154,286.6184692,226.6464233
75.32100677,303.1312866,271.8119202,213.5809631
75.32434082,304.1416016,263.7319336,218.1727905
75.32767487,301.6416016,261.8179321,238.9504395
75.33100891,299.1416016,259.9039307,259.7280884
75.33434296,296.6416016,257.9899292,280.5057373
75.337677,294.1416321,256.0759277,301.2833862
75.34101105,291.6416321,254.1619415,322.0610352
75.34434509,289.1416321,252.2479401,342.8386841
75.34767914,286.6416321,250.3339386,363.616333
75.35100555,284.1473694,248.4243317,384.3464661
75.3543396,281.6473694,246.5103302,405.124115
75.35767365,279.1473694,244.5963287,425.9017639
75.36100769,276.6473694,242.6823425,446.6794128
75.36434174,274.1473694,240.7683411,467.4570618
75.36767578,271.6473694,238.8543396,488.2347107
75.37100983,269.1473999,236.9403534,509.0123596
75.37434387,266.6473999,235.0263519,529.789978
75.37767792,264.1473999,233.1123505,550.567688
75.38101196,261.6473999,231.1983643,571.3453369
75.38434601,259.1473999,229.2843628,592.1229858
75.38767242,256.6531372,227.3747406,612.8530884
75.39100647,254.1531372,225.4607544,633.6307373
75.39434052,251.6531372,223.5467529,654.4083862
75.39767456,249.1531525,221.6327515,675.1860352
75.40100861,246.6531525,219.7187653,695.9636841
75.40434265,244.1531525,217.8047638,716.741333
75.4076767,241.6531525,215.8907623,737.5189819
75.41101074,239.1531677,213.9767609,758.2966309
75.41434479,236.6531677,212.0627747,779.0742798
75.41767883,234.1531677,210.1487732,799.8519287
75.42100525,231.658905,208.239151,820.5820313
75.42433929,230.0587769,207.5282288,819.0335693
75.42767334,232.9457397,208.0370178,794.8503418
75.43100739,235.8327026,208.5457916,770.6670532
75.43434143,238.7196503,209.0545807,746.4838257
75.43767548,241.6066132,209.5633545,722.3005981
75.44100952,244.4935608,210.0721283,698.1173096
75.44434357,247.3805237,210.5809174,673.934082
75.44767761,250.2674866,211.0896912,649.7508545
75.45101166,253.1544342,211.5984802,625.5675659
75.4543457,256.0413818,212.107254,601.3843384
75.45767212,258.9217529,212.6148682,577.2564087
75.46100616,261.8087158,213.1236572,553.0731812
75.46434021,264.6956482,213.632431,528.8899536
75.46767426,267.5826111,214.1412048,504.7066956
75.4710083,270.469574,214.6499939,480.5234375
75.47434235,273.3565369,215.1587677,456.34021
75.47767639,276.2434998,215.6675568,432.1569519
75.48101044,279.1304321,216.1763306,407.9737244
75.48434448,282.017395,216.6851044,383.7904663
75.48767853,284.9043579,217.1938934,359.6072083
75.49101257,287.7913208,217.7026672,335.4239807
75.49433899,290.6716614,218.2102814,311.296051
75.49767303,293.5586243,218.7190704,287.1128235
75.50100708,296.4455872,219.2278442,262.9295654
75.50434113,299.3325195,219.7366333,238.7463226
75.50767517,302.2194824,220.2454071,214.5630798
75.51100922,305.1064453,220.7541962,190.379837
75.51434326,307.9934082,221.26297,166.196579
75.51767731,310.8803711,221.7717438,142.0133362
75.52101135,313.7673035,222.2805328,117.8300934
75.5243454,316.6542664,60.1882782,304.2990417
75.52767944,311.6569824,52.97382355,316.7842102
75.53100586,306.5244446,56.04189301,316.4370728
75.5343399,301.3801575,59.11700058,316.0891418
75.53767395,296.2358398,62.19210815,315.7412109
75.541008,291.0915222,65.26721954,315.39328
75.54434204,285.9472351,68.3423233,315.0453491
75.54767609,280.8029175,71.41743469,314.6974487
